{
  "users": [
    {
      "name": "Vikash Shahu",
      "email": "vikas@gmail.com",
      "password": "vikas"
    },
    {
      "name": "Pankaj Pawar",
      "email": "pankaj@gmail.com",
      "password": "pawarpankaj"
    },
    {
      "email": "pankaj@gmail.com",
      "password": "pawarpankaj",
      "id": "7bEWZ14"
    },
    {
      "email": "vishal@gmail.com",
      "password": "vishal",
      "id": "AzvCKRN"
    },
    {
      "email": "ravi@gmail.com",
      "password": "12345",
      "id": "DlNYBcK"
    },
    {
      "email": "ravi@gmail.com",
      "password": "12345",
      "id": "2LDwyQd"
    },
    {
      "email": "ravi@gmail.com",
      "password": "12335",
      "id": "vo5L_jV"
    }
  ],
  "product": [
    {
      "id": 1,
      "productName": "new product ",
      "productPrice": "750"
    },
    {
      "id": 2,
      "productName": "product 2",
      "productPrice": 1000
    },
    {
      "id": "p0pq12",
      "productName": "product p3",
      "productPrice": "678"
    }
  ]
}